{	
	"use_lang_index":0,
	"translate": [
		{
			"lang_index": 0,
			"main_title": "Smart solutions<br>for real people<span>.</span>",
			"sub_title": "With expertise in fields such as design, writing, and social media and more, our team can provide you with smart solutions that generate real results.",
			"slogan": "Your pocket AI agency",
			"button_header_cta": "Chat with our AI team",
			"body_title_cta": "Chat with our AI team",
			"body_sub_title": "We offer a team of intelligent and knowledgeable AI professionals that are ready and willing to help you with a wide range of needs.",
			"chat_call_action1": "Chat with our AI team",
			"chat_call_action2": "AI professionals",
			"you": "You",
			"button_talk_to": "Talk to",
			"button_close": "Close Chat",
			"button_send":"Send",
			"button_cancel":"Cancel",
			"button_download_chat":"Download Chat (.txt)",
			"button_download_chat_pdf":"Download Chat (.pdf)",
			"button_clear_chat":"Clear Chat",
			"button_clear_all_chats":"Clear all Chats",
			"input_placeholder":"Type your message here",
			"wait":"Wait,",
			"is_typing":"is typing...",
			"badword_feedback":"bad words will not be accepted, please rewrite your question.",
			"error_chat_minlength":"❌ Please enter a message greater than",
			"error_chat_minlength_part2":"characters",
			"creating_ia_image":"Wait a few seconds, I'm creating your image:",
			"creating_ia_image_chat_instruction":"I will create an image about",
			"expire_img_message":"Attention: Save your images, they will expire after some time.",
			"copy_code1":"Copy code",
			"copy_code2":"Copied!",
			"copy_text1":"Copy text",
			"copy_text2":"Copied!",			
			"confirmation_delete_chat1":"Are you sure?",
			"confirmation_delete_chat2":"You won't be able to revert this!",
			"confirmation_delete_chat3":"Yes, delete it!",
			"confirmation_delete_chat4":"Cancel",
			"confirmation_delete_chat5":"Deleted!",
			"confirmation_delete_chat_all":"All conversations have been deleted",
			"confirmation_delete_current_chat":"Current chat conversations have been deleted",
			"button_close_modal":"Close",
			"about_label":"About",
			"list_employees_label":"List of employees",
			"chat_now":"Chat now",
			"back_to_top":"Back to top",
			"header_title_pdf":"Conversation history",
			"label_display_chat_language_output":"Output language",
			"label_display_chat_tone":"Tone",
			"label_display_chat_writing_style":"Writing Style",
			"display_chat_language_output": [{"value":"","label":"Default"},{"value":"English (UK)","label":"English (UK)"},{"value":"English (US)","label":"English (US)"},{"value":"German","label":"Deutsch"},{"value":"Japanese","label":"日本語"},{"value":"Spanish","label":"Español"},{"value":"French","label":"Français"},{"value":"Italian","label":"Italiano"},{"value":"Portuguese","label":"Português"},{"value":"Polish","label":"Polski"},{"value":"Ukrainian","label":"Українська"},{"value":"English","label":"English"},{"value":"Somali","label":"Af Soomaali"},{"value":"Afrikaans","label":"Afrikaans"},{"value":"Azerbaijani","label":"Azərbaycan dili"},{"value":"Indonesian","label":"Bahasa Indonesia"},{"value":"Malaysian Malay","label":"Bahasa Malaysia"},{"value":"Malay","label":"Bahasa Melayu"},{"value":"Javanese","label":"Basa Jawa"},{"value":"Sundanese","label":"Basa Sunda"},{"value":"Bosnian","label":"Bosanski jezik"},{"value":"Catalan","label":"Català"},{"value":"Czech","label":"Čeština"},{"value":"Chichewa","label":"Chichewa"},{"value":"Welsh","label":"Cymraeg"},{"value":"Danish","label":"Dansk"},{"value":"German","label":"Deutsch"},{"value":"Estonian","label":"Eesti keel"},{"value":"Spanish","label":"Español"},{"value":"Esperanto","label":"Esperanto"},{"value":"Basque","label":"Euskara"},{"value":"French","label":"Français"},{"value":"Irish","label":"Gaeilge"},{"value":"Galician","label":"Galego"},{"value":"Croatian","label":"Hrvatski jezik"},{"value":"Xhosa","label":"isiXhosa"},{"value":"Zulu","label":"isiZulu"},{"value":"Icelandic","label":"Íslenska"},{"value":"Italian","label":"Italiano"},{"value":"Swahili","label":"Kiswahili"},{"value":"Haitian Creole","label":"Kreyòl Ayisyen"},{"value":"Kurdish","label":"Kurdî"},{"value":"Latin","label":"Latīna"},{"value":"Latvian","label":"Latviešu valoda"},{"value":"Luxembourgish","label":"Lëtzebuergesch"},{"value":"Lithuanian","label":"Lietuvių kalba"},{"value":"Hungarian","label":"Magyar"},{"value":"Malagasy","label":"Malagasy"},{"value":"Maltese","label":"Malti"},{"value":"Maori","label":"Māori"},{"value":"Dutch","label":"Nederlands"},{"value":"Norwegian","label":"Norsk"},{"value":"Uzbek","label":"O'zbek tili"},{"value":"Polish","label":"Polski"},{"value":"Portuguese","label":"Português"},{"value":"Romanian","label":"Română"},{"value":"Sesotho","label":"Sesotho"},{"value":"Albanian","label":"Shqip"},{"value":"Slovak","label":"Slovenčina"},{"value":"Slovenian","label":"Slovenščina"},{"value":"Finnish","label":"Suomi"},{"value":"Swedish","label":"Svenska"},{"value":"Tagalog","label":"Tagalog"},{"value":"Tatar","label":"Tatarça"},{"value":"Turkish","label":"Türkçe"},{"value":"Vietnamese","label":"Việt ngữ"},{"value":"Yoruba","label":"Yorùbá"},{"value":"Greek","label":"Ελληνικά"},{"value":"Belarusian","label":"Беларуская мова"},{"value":"Bulgarian","label":"Български език"},{"value":"Kyrgyz","label":"Кыргыз"},{"value":"Kazakh","label":"Қазақ тілі"},{"value":"Macedonian","label":"Македонски јазик"},{"value":"Mongolian","label":"Монгол хэл"},{"value":"Russian","label":"Русский"},{"value":"Serbian","label":"Српски језик"},{"value":"Tajik","label":"Тоҷикӣ"},{"value":"Ukrainian","label":"Українська"},{"value":"Georgian","label":"ქართული"},{"value":"Armenian","label":"Հայերեն"},{"value":"Yiddish","label":"ייִדיש"},{"value":"Hebrew","label":"עברית"},{"value":"Uyghur","label":"ئۇيغۇرچە"},{"value":"Urdu","label":"اردو"},{"value":"Arabic","label":"العربية"},{"value":"Pashto","label":"پښتو"},{"value":"Persian","label":"فارسی"},{"value":"Nepali","label":"नेपाली"},{"value":"Marathi","label":"मराठी"},{"value":"Hindi","label":"हिन्दी"},{"value":"Bengali","label":"বাংলা"},{"value":"Punjabi","label":"ਪੰਜਾਬੀ"},{"value":"Gujarati","label":"ગુજરાતી"},{"value":"Oriya","label":"ଓଡ଼ିଆ"},{"value":"Tamil","label":"தமிழ்"},{"value":"Telugu","label":"తెలుగు"},{"value":"Kannada","label":"ಕನ್ನಡ"},{"value":"Malayalam","label":"മലയാളം"},{"value":"Sinhala","label":"සිංහල"},{"value":"Thai","label":"ไทย"},{"value":"Lao","label":"ພາສາລາວ"},{"value":"Burmese","label":"ဗမာစာ"},{"value":"Khmer","label":"ភាសាខ្មែរ"},{"value":"Korean","label":"한국어"},{"value":"Chinese","label":"中文"},{"value":"Traditional Chinese","label":"繁體中文"},{"value":"Japanese","label":"日本語"}],
			"display_chat_tone":[{"value":"","label":"Default"},{"value":"Emotional","label":"Emotional"},{"value":"Professional","label":"Professional"},{"value":"Humorous","label":"Humorous"},{"value":"Educational","label":"Educational"},{"value":"Persuasive","label":"Persuasive"},{"value":"Nostalgic","label":"Nostalgic"},{"value":"Satirical","label":"Satirical"},{"value":"Descriptive","label":"Descriptive"},{"value":"Critical","label":"Critical"},{"value":"Ironic","label":"Ironic"},{"value":"Sarcastic","label":"Sarcastic"},{"value":"Formal","label":"Formal"},{"value":"Informative","label":"Informative"},{"value":"Friendly","label":"Friendly"},{"value":"Casual","label":"Casual"},{"value":"Factual","label":"Factual"},{"value":"Inquisitive","label":"Inquisitive"},{"value":"Matter-of-fact","label":"Matter-of-fact"},{"value":"Analytical","label":"Analytical"},{"value":"Pensive","label":"Pensive"},{"value":"Hopeful","label":"Hopeful"},{"value":"Melancholic","label":"Melancholic"},{"value":"Ambivalent","label":"Ambivalent"},{"value":"Encouraging","label":"Encouraging"},{"value":"Enthusiastic","label":"Enthusiastic"},{"value":"Skeptical","label":"Skeptical"},{"value":"Confused","label":"Confused"},{"value":"Explanatory","label":"Explanatory"},{"value":"Empathetic","label":"Empathetic"}],
			"display_chat_writing_style":[{"value":"","label":"Default"},{"value":"Poetic","label":"Poetic"},{"value":"Narrative","label":"Narrative"},{"value":"Argumentative","label":"Argumentative"},{"value":"Descriptive","label":"Descriptive"},{"value":"Journalistic","label":"Journalistic"},{"value":"Analytical","label":"Analytical"},{"value":"Creative Nonfiction","label":"Creative Nonfiction"},{"value":"Technical","label":"Technical"},{"value":"Comedic","label":"Comedic"},{"value":"Romantic","label":"Romantic"},{"value":"Horror","label":"Horror"},{"value":"Suspenseful","label":"Suspenseful"},{"value":"Dramatic","label":"Dramatic"},{"value":"Mystery","label":"Mystery"},{"value":"Philosophical","label":"Philosophical"},{"value":"Historical","label":"Historical"},{"value":"Autobiographical","label":"Autobiographical"},{"value":"Satirical","label":"Satirical"},{"value":"Scientific","label":"Scientific"},{"value":"Fictional","label":"Fictional"},{"value":"Biographical","label":"Biographical"}]
		},
		{	
			"lang_index": 1,
			"main_title": "Soluções inteligentes<br>para pessoas reais<span>.</span>",
			"sub_title": "Com especialização em áreas como design, escrita, mídias sociais e mais, nossa equipe pode fornecer soluções inteligentes que geram resultados reais.",
			"slogan": "Sua agência de IA de bolso",
			"button_header_cta": "Converse com nossa equipe de IA",
			"body_title_cta": "Converse com nossa equipe de IA",
			"body_sub_title": "Oferecemos uma equipe de profissionais de IA inteligentes e experientes, prontos e dispostos a ajudá-lo com uma ampla gama de necessidades.",
			"chat_call_action1": "Converse com nossa equipe de IA",
			"chat_call_action2": "Profissionais de IA",
			"you": "Você",
			"button_talk_to": "Conversar com",
			"button_close": "Fechar Chat",
			"button_send":"Enviar",
			"button_cancel":"Cancelar",
			"button_download_chat":"Baixar Conversa (.txt)",
			"button_download_chat_pdf":"Baixar Conversa (.pdf)",
			"button_clear_chat":"Limpar Conversa",
			"button_clear_all_chats":"Limpar todas as Conversas",
			"input_placeholder":"Digite sua mensagem aqui",
			"wait":"Aguarde,",
			"is_typing":"está digitando...",
			"badword_feedback":"palavras ofensivas não serão aceitas, por favor reformule sua pergunta.",
			"error_chat_minlength":"❌ Por favor, digite uma mensagem com mais de",
			"error_chat_minlength_part2":"caracteres",
			"creating_ia_image":"Aguarde alguns segundos, estou criando sua imagem:",
			"creating_ia_image_chat_instruction":"Vou criar uma imagem sobre",
			"expire_img_message":"Atenção: Salve suas imagens, elas expirarão após algum tempo.",
			"copy_code1":"Copiar código",
			"copy_code2":"Copiado!",
			"copy_text1":"Copiar texto",
			"copy_text2":"Copiado!",			
			"confirmation_delete_chat1":"Tem certeza?",
			"confirmation_delete_chat2":"Você não poderá reverter isso!",
			"confirmation_delete_chat3":"Sim, exclua!",
			"confirmation_delete_chat4":"Cancelar",
			"confirmation_delete_chat5":"Excluído!",
			"confirmation_delete_chat_all":"Todas as conversas foram excluídas",
			"confirmation_delete_current_chat":"As conversas desta janela de chat foram excluídas",
			"button_close_modal":"Fechar",
			"about_label":"Sobre",
			"list_employees_label":"Lista de funcionários",
			"chat_now":"Conversar agora",
			"back_to_top":"Voltar ao topo",
			"header_title_pdf":"Histórico de conversas",
			"label_display_chat_language_output":"Idioma de saída",
			"label_display_chat_tone":"Tom",
			"label_display_chat_writing_style":"Estilo de escrita",			
			"display_chat_language_output": [{"value":"","label":"Padrão"},{"value":"English (UK)","label":"English (UK)"},{"value":"English (US)","label":"English (US)"},{"value":"German","label":"Deutsch"},{"value":"Japanese","label":"日本語"},{"value":"Spanish","label":"Español"},{"value":"French","label":"Français"},{"value":"Italian","label":"Italiano"},{"value":"Portuguese","label":"Português"},{"value":"Polish","label":"Polski"},{"value":"Ukrainian","label":"Українська"},{"value":"English","label":"English"},{"value":"Somali","label":"Af Soomaali"},{"value":"Afrikaans","label":"Afrikaans"},{"value":"Azerbaijani","label":"Azərbaycan dili"},{"value":"Indonesian","label":"Bahasa Indonesia"},{"value":"Malaysian Malay","label":"Bahasa Malaysia"},{"value":"Malay","label":"Bahasa Melayu"},{"value":"Javanese","label":"Basa Jawa"},{"value":"Sundanese","label":"Basa Sunda"},{"value":"Bosnian","label":"Bosanski jezik"},{"value":"Catalan","label":"Català"},{"value":"Czech","label":"Čeština"},{"value":"Chichewa","label":"Chichewa"},{"value":"Welsh","label":"Cymraeg"},{"value":"Danish","label":"Dansk"},{"value":"German","label":"Deutsch"},{"value":"Estonian","label":"Eesti keel"},{"value":"Spanish","label":"Español"},{"value":"Esperanto","label":"Esperanto"},{"value":"Basque","label":"Euskara"},{"value":"French","label":"Français"},{"value":"Irish","label":"Gaeilge"},{"value":"Galician","label":"Galego"},{"value":"Croatian","label":"Hrvatski jezik"},{"value":"Xhosa","label":"isiXhosa"},{"value":"Zulu","label":"isiZulu"},{"value":"Icelandic","label":"Íslenska"},{"value":"Italian","label":"Italiano"},{"value":"Swahili","label":"Kiswahili"},{"value":"Haitian Creole","label":"Kreyòl Ayisyen"},{"value":"Kurdish","label":"Kurdî"},{"value":"Latin","label":"Latīna"},{"value":"Latvian","label":"Latviešu valoda"},{"value":"Luxembourgish","label":"Lëtzebuergesch"},{"value":"Lithuanian","label":"Lietuvių kalba"},{"value":"Hungarian","label":"Magyar"},{"value":"Malagasy","label":"Malagasy"},{"value":"Maltese","label":"Malti"},{"value":"Maori","label":"Māori"},{"value":"Dutch","label":"Nederlands"},{"value":"Norwegian","label":"Norsk"},{"value":"Uzbek","label":"O'zbek tili"},{"value":"Polish","label":"Polski"},{"value":"Portuguese","label":"Português"},{"value":"Romanian","label":"Română"},{"value":"Sesotho","label":"Sesotho"},{"value":"Albanian","label":"Shqip"},{"value":"Slovak","label":"Slovenčina"},{"value":"Slovenian","label":"Slovenščina"},{"value":"Finnish","label":"Suomi"},{"value":"Swedish","label":"Svenska"},{"value":"Tagalog","label":"Tagalog"},{"value":"Tatar","label":"Tatarça"},{"value":"Turkish","label":"Türkçe"},{"value":"Vietnamese","label":"Việt ngữ"},{"value":"Yoruba","label":"Yorùbá"},{"value":"Greek","label":"Ελληνικά"},{"value":"Belarusian","label":"Беларуская мова"},{"value":"Bulgarian","label":"Български език"},{"value":"Kyrgyz","label":"Кыргыз"},{"value":"Kazakh","label":"Қазақ тілі"},{"value":"Macedonian","label":"Македонски јазик"},{"value":"Mongolian","label":"Монгол хэл"},{"value":"Russian","label":"Русский"},{"value":"Serbian","label":"Српски језик"},{"value":"Tajik","label":"Тоҷикӣ"},{"value":"Ukrainian","label":"Українська"},{"value":"Georgian","label":"ქართული"},{"value":"Armenian","label":"Հայերեն"},{"value":"Yiddish","label":"ייִדיש"},{"value":"Hebrew","label":"עברית"},{"value":"Uyghur","label":"ئۇيغۇرچە"},{"value":"Urdu","label":"اردو"},{"value":"Arabic","label":"العربية"},{"value":"Pashto","label":"پښتو"},{"value":"Persian","label":"فارسی"},{"value":"Nepali","label":"नेपाली"},{"value":"Marathi","label":"मराठी"},{"value":"Hindi","label":"हिन्दी"},{"value":"Bengali","label":"বাংলা"},{"value":"Punjabi","label":"ਪੰਜਾਬੀ"},{"value":"Gujarati","label":"ગુજરાતી"},{"value":"Oriya","label":"ଓଡ଼ିଆ"},{"value":"Tamil","label":"தமிழ்"},{"value":"Telugu","label":"తెలుగు"},{"value":"Kannada","label":"ಕನ್ನಡ"},{"value":"Malayalam","label":"മലയാളം"},{"value":"Sinhala","label":"සිංහල"},{"value":"Thai","label":"ไทย"},{"value":"Lao","label":"ພາສາລາວ"},{"value":"Burmese","label":"ဗမာစာ"},{"value":"Khmer","label":"ភាសាខ្មែរ"},{"value":"Korean","label":"한국어"},{"value":"Chinese","label":"中文"},{"value":"Traditional Chinese","label":"繁體中文"},{"value":"Japanese","label":"日本語"}],
			"display_chat_tone":[{"value":"","label":"Padrão"},{"value":"Emocional","label":"Emocional"},{"value":"Profissional","label":"Profissional"},{"value":"Humorístico","label":"Humorístico"},{"value":"Educacional","label":"Educacional"},{"value":"Persuasivo","label":"Persuasivo"},{"value":"Nostálgico","label":"Nostálgico"},{"value":"Satírico","label":"Satírico"},{"value":"Descritivo","label":"Descritivo"},{"value":"Crítico","label":"Crítico"},{"value":"Irnico","label":"Irnico"},{"value":"Sarcástico","label":"Sarcástico"},{"value":"Formal","label":"Formal"},{"value":"Informativo","label":"Informativo"},{"value":"Amigável","label":"Amigável"},{"value":"Casual","label":"Casual"},{"value":"Factual","label":"Factual"},{"value":"Inquisitivo","label":"Inquisitivo"},{"value":"Factual","label":"Matter-of-fact"},{"value":"Analítico","label":"Analítico"},{"value":"Reflexivo","label":"Reflexivo"},{"value":"Esperançoso","label":"Esperançoso"},{"value":"Melancólico","label":"Melancólico"},{"value":"Ambivalente","label":"Ambivalente"},{"value":"Encorajador","label":"Encorajador"},{"value":"Entusiasmado","label":"Entusiasmado"},{"value":"Cético","label":"Cético"},{"value":"Confuso","label":"Confuso"},{"value":"Explicativo","label":"Explicativo"},{"value":"Empático","label":"Empático"}],
			"display_chat_writing_style":[{"value":"","label":"Padrão"},{"value":"Poético","label":"Poético"},{"value":"Narrativo","label":"Narrativo"},{"value":"Argumentativo","label":"Argumentativo"},{"value":"Descritivo","label":"Descritivo"},{"value":"Jornalístico","label":"Jornalístico"},{"value":"Analítico","label":"Analítico"},{"value":"Não Ficção Criativa","label":"Não Ficção Criativa"},{"value":"Técnico","label":"Técnico"},{"value":"Cômico","label":"Cômico"},{"value":"Romântico","label":"Romântico"},{"value":"Horror","label":"Horror"},{"value":"Suspense","label":"Suspense"},{"value":"Dramático","label":"Dramático"},{"value":"Mistério","label":"Mistério"},{"value":"Filosófico","label":"Filosófico"},{"value":"Histórico","label":"Histórico"},{"value":"Autobiográfico","label":"Autobiográfico"},{"value":"Satírico","label":"Satírico"},{"value":"Científico","label":"Científico"},{"value":"Fictício","label":"Fictício"},{"value":"Biográfico","label":"Biográfico"}]
		},
	    {
	      	"lang_index": 2,
			"main_title": "Soluciones inteligentes<br>para personas reales<span>.</span>",
			"sub_title": "Con experiencia en áreas como diseño, escritura, redes sociales y más, nuestro equipo puede proporcionarte soluciones inteligentes que generan resultados reales.",
			"slogan": "Tu agencia de IA de bolsillo",
			"button_header_cta": "Chatea con nuestro equipo de IA",
			"body_title_cta": "Chatea con nuestro equipo de IA",
			"body_sub_title": "Ofrecemos un equipo de profesionales de IA inteligentes y experimentados, listos y dispuestos a ayudarte con una amplia gama de necesidades.",
			"chat_call_action1": "Chatea con nuestro equipo de IA",
			"chat_call_action2": "Profesionales de IA",
			"you": "Tú",
			"button_talk_to": "Hablar con",
			"button_close": "Cerrar Chat",
			"button_send":"Enviar",
			"button_cancel":"Cancelar",
			"button_download_chat":"Descargar Chat (.txt)",
			"button_download_chat_pdf":"Descargar Chat (.pdf)",
			"button_clear_chat":"Borrar Chat",
			"button_clear_all_chats":"Borrar todos los Chats",
			"input_placeholder":"Escribe aquí tu mensaje",
			"wait":"Espera,",
			"is_typing":"está escribiendo...",
			"badword_feedback":"No se aceptarán palabras ofensivas, por favor reformula tu pregunta.",
			"error_chat_minlength":"❌ Por favor, escribe un mensaje mayor a",
			"error_chat_minlength_part2":"caracteres",
			"creating_ia_image":"Espera unos segundos, estoy creando tu imagen:",
			"creating_ia_image_chat_instruction":"Voy a crear una imagen sobre",
			"expire_img_message":"Atención: Guarda tus imágenes, expirarán después de un tiempo.",
			"copy_code1":"Copiar código",
			"copy_code2":"Copiado!",
			"copy_text1":"Copiar texto",
			"copy_text2":"Copiado!",			
			"confirmation_delete_chat1":"¿Estás seguro?",
			"confirmation_delete_chat2":"¡No podrás revertir esto!",
			"confirmation_delete_chat3":"Sí, borrarlo!",
			"confirmation_delete_chat4":"Cancelar",
			"confirmation_delete_chat5":"Borrado!",
			"confirmation_delete_chat_all":"Todas las conversaciones han sido borradas",
			"confirmation_delete_current_chat":"Las conversaciones de esta ventana de chat han sido borradas",
			"button_close_modal":"Cerrar",
			"about_label":"Acerca de",
			"list_employees_label":"Lista de empleados",
			"chat_now":"Chatear ahora",
			"back_to_top":"Volver a la cima",
			"header_title_pdf":"Historial de conversaciones",
			"label_display_chat_language_output":"Idioma de salida",
			"label_display_chat_tone":"Tono",
			"label_display_chat_writing_style":"Estilo de escritura",			
			"display_chat_language_output": [{"value":"","label":"Por defecto"},{"value":"English (UK)","label":"English (UK)"},{"value":"English (US)","label":"English (US)"},{"value":"German","label":"Deutsch"},{"value":"Japanese","label":"日本語"},{"value":"Spanish","label":"Español"},{"value":"French","label":"Français"},{"value":"Italian","label":"Italiano"},{"value":"Portuguese","label":"Português"},{"value":"Polish","label":"Polski"},{"value":"Ukrainian","label":"Українська"},{"value":"English","label":"English"},{"value":"Somali","label":"Af Soomaali"},{"value":"Afrikaans","label":"Afrikaans"},{"value":"Azerbaijani","label":"Azərbaycan dili"},{"value":"Indonesian","label":"Bahasa Indonesia"},{"value":"Malaysian Malay","label":"Bahasa Malaysia"},{"value":"Malay","label":"Bahasa Melayu"},{"value":"Javanese","label":"Basa Jawa"},{"value":"Sundanese","label":"Basa Sunda"},{"value":"Bosnian","label":"Bosanski jezik"},{"value":"Catalan","label":"Català"},{"value":"Czech","label":"Čeština"},{"value":"Chichewa","label":"Chichewa"},{"value":"Welsh","label":"Cymraeg"},{"value":"Danish","label":"Dansk"},{"value":"German","label":"Deutsch"},{"value":"Estonian","label":"Eesti keel"},{"value":"Spanish","label":"Español"},{"value":"Esperanto","label":"Esperanto"},{"value":"Basque","label":"Euskara"},{"value":"French","label":"Français"},{"value":"Irish","label":"Gaeilge"},{"value":"Galician","label":"Galego"},{"value":"Croatian","label":"Hrvatski jezik"},{"value":"Xhosa","label":"isiXhosa"},{"value":"Zulu","label":"isiZulu"},{"value":"Icelandic","label":"Íslenska"},{"value":"Italian","label":"Italiano"},{"value":"Swahili","label":"Kiswahili"},{"value":"Haitian Creole","label":"Kreyòl Ayisyen"},{"value":"Kurdish","label":"Kurdî"},{"value":"Latin","label":"Latīna"},{"value":"Latvian","label":"Latviešu valoda"},{"value":"Luxembourgish","label":"Lëtzebuergesch"},{"value":"Lithuanian","label":"Lietuvių kalba"},{"value":"Hungarian","label":"Magyar"},{"value":"Malagasy","label":"Malagasy"},{"value":"Maltese","label":"Malti"},{"value":"Maori","label":"Māori"},{"value":"Dutch","label":"Nederlands"},{"value":"Norwegian","label":"Norsk"},{"value":"Uzbek","label":"O'zbek tili"},{"value":"Polish","label":"Polski"},{"value":"Portuguese","label":"Português"},{"value":"Romanian","label":"Română"},{"value":"Sesotho","label":"Sesotho"},{"value":"Albanian","label":"Shqip"},{"value":"Slovak","label":"Slovenčina"},{"value":"Slovenian","label":"Slovenščina"},{"value":"Finnish","label":"Suomi"},{"value":"Swedish","label":"Svenska"},{"value":"Tagalog","label":"Tagalog"},{"value":"Tatar","label":"Tatarça"},{"value":"Turkish","label":"Türkçe"},{"value":"Vietnamese","label":"Việt ngữ"},{"value":"Yoruba","label":"Yorùbá"},{"value":"Greek","label":"Ελληνικά"},{"value":"Belarusian","label":"Беларуская мова"},{"value":"Bulgarian","label":"Български език"},{"value":"Kyrgyz","label":"Кыргыз"},{"value":"Kazakh","label":"Қазақ тілі"},{"value":"Macedonian","label":"Македонски јазик"},{"value":"Mongolian","label":"Монгол хэл"},{"value":"Russian","label":"Русский"},{"value":"Serbian","label":"Српски језик"},{"value":"Tajik","label":"Тоҷикӣ"},{"value":"Ukrainian","label":"Українська"},{"value":"Georgian","label":"ქართული"},{"value":"Armenian","label":"Հայերեն"},{"value":"Yiddish","label":"ייִדיש"},{"value":"Hebrew","label":"עברית"},{"value":"Uyghur","label":"ئۇيغۇرچە"},{"value":"Urdu","label":"اردو"},{"value":"Arabic","label":"العربية"},{"value":"Pashto","label":"پښتو"},{"value":"Persian","label":"فارسی"},{"value":"Nepali","label":"नेपाली"},{"value":"Marathi","label":"मराठी"},{"value":"Hindi","label":"हिन्दी"},{"value":"Bengali","label":"বাংলা"},{"value":"Punjabi","label":"ਪੰਜਾਬੀ"},{"value":"Gujarati","label":"ગુજરાતી"},{"value":"Oriya","label":"ଓଡ଼ିଆ"},{"value":"Tamil","label":"தமிழ்"},{"value":"Telugu","label":"తెలుగు"},{"value":"Kannada","label":"ಕನ್ನಡ"},{"value":"Malayalam","label":"മലയാളം"},{"value":"Sinhala","label":"සිංහල"},{"value":"Thai","label":"ไทย"},{"value":"Lao","label":"ພາສາລາວ"},{"value":"Burmese","label":"ဗမာစာ"},{"value":"Khmer","label":"ភាសាខ្មែរ"},{"value":"Korean","label":"한국어"},{"value":"Chinese","label":"中文"},{"value":"Traditional Chinese","label":"繁體中文"},{"value":"Japanese","label":"日本語"}],
			"display_chat_tone":[{"value":"","label":"Por defecto"},{"value":"Emocional","label":"Emocional"},{"value":"Profesional","label":"Profesional"},{"value":"Humorístico","label":"Humorístico"},{"value":"Educativo","label":"Educativo"},{"value":"Persuasivo","label":"Persuasivo"},{"value":"Nostálgico","label":"Nostálgico"},{"value":"Satírico","label":"Satírico"},{"value":"Descriptivo","label":"Descriptivo"},{"value":"Crítico","label":"Crítico"},{"value":"Irónico","label":"Irónico"},{"value":"Sarcástico","label":"Sarcástico"},{"value":"Formal","label":"Formal"},{"value":"Informativo","label":"Informativo"},{"value":"Amistoso","label":"Amistoso"},{"value":"Casual","label":"Casual"},{"value":"Factual","label":"Factual"},{"value":"Inquisitivo","label":"Inquisitivo"},{"value":"Realista","label":"Realista"},{"value":"Analítico","label":"Analítico"},{"value":"Reflexivo","label":"Reflexivo"},{"value":"Esperanzador","label":"Esperanzador"},{"value":"Melancólico","label":"Melancólico"},{"value":"Ambivalente","label":"Ambivalente"},{"value":"Alentador","label":"Alentador"},{"value":"Entusiasta","label":"Entusiasta"},{"value":"Escéptico","label":"Escéptico"},{"value":"Confuso","label":"Confuso"},{"value":"Explicativo","label":"Explicativo"},{"value":"Empático","label":"Empático"}],
			"display_chat_writing_style":[{"value":"","label":"Por defecto"},{"value":"Poético","label":"Poético"},{"value":"Narrativo","label":"Narrativo"},{"value":"Argumentativo","label":"Argumentativo"},{"value":"Descriptivo","label":"Descriptivo"},{"value":"Periodístico","label":"Periodístico"},{"value":"Analítico","label":"Analítico"},{"value":"No Ficción Creativa","label":"No Ficción Creativa"},{"value":"Técnico","label":"Técnico"},{"value":"Cómico","label":"Cómico"},{"value":"Romántico","label":"Romántico"},{"value":"Horror","label":"Terror"},{"value":"Suspense","label":"Suspense"},{"value":"Dramático","label":"Dramático"},{"value":"Misterio","label":"Misterio"},{"value":"Filosófico","label":"Filosófico"},{"value":"Histórico","label":"Histórico"},{"value":"Autobiográfico","label":"Autobiográfico"},{"value":"Satírico","label":"Satírico"},{"value":"Científico","label":"Científico"},{"value":"Ficticio","label":"Ficticio"},{"value":"Biográfico","label":"Biográfico"}]
	    }
	]
}	